authIdHalFullName_fs	authIdHalFullName_fs	halId_s	docType_s	producedDateY_i	fileMain_s	doiId_s
Arnaud Serry,Ronan Kerbiriou,Yann Alix	"c(""arnaudserry_FacetSep_Arnaud Serry"", ""ronan-kerbiriou_FacetSep_Ronan Kerbiriou"", ""_FacetSep_Yann Alix"")"	hal-04313327	SYNTHESE	2023	https://normandie-univ.hal.science/hal-04313327/document	NA
Muriel Gilardone	_FacetSep_Muriel Gilardone	halshs-04151232	UNDEFINED	2023	https://shs.hal.science/halshs-04151232/document	NA
Sunny Le Galloudec	_FacetSep_Sunny Le Galloudec	hal-03663111	ART	2021	https://normandie-univ.hal.science/hal-03663111/document	10.3917/rha.303.0061
Éric Daudé	eric-daude_FacetSep_Éric Daudé	halshs-03694995	ART	2022	https://shs.hal.science/halshs-03694995/document	10.21494/ISTE.OP.2022.0853
Jean de Préneuf,Thomas Vaisset	"c(""jean-de-preneuf_FacetSep_Jean de Préneuf"", ""thomas-vaisset_FacetSep_Thomas Vaisset"")"	hal-03874105	COUV	2022	https://normandie-univ.hal.science/hal-03874105/document	10.46608/primaluna12.9782858926374.4
Daniel Ballesteros,Pablo Caldevilla,Ramón Vila,Xose Carlos Barros,Martín Alemparte	"c(""_FacetSep_Daniel Ballesteros"", ""_FacetSep_Pablo Caldevilla"", ""_FacetSep_Ramón Vila"", ""_FacetSep_Xose Carlos Barros"", ""_FacetSep_Martín Alemparte"")"	hal-03283166	ART	2021	https://hal.science/hal-03283166/document	10.1007/s12371-021-00590-8
Joël Colloc	thx036976580304_FacetSep_Joël Colloc	hal-03661339	COMM	2022	https://hal.science/hal-03661339/document	NA
Lilian Loubet,Arnaud Serry	"c(""_FacetSep_Lilian Loubet"", ""_FacetSep_Arnaud Serry"")"	hal-03445839	OUV	2021	https://normandie-univ.hal.science/hal-03445839/document	NA
Jean-Yves Perodou	_FacetSep_Jean-Yves Perodou	tel-03368115	THESE	2021	https://theses.hal.science/tel-03368115/document	NA
Arnaud Serry,Lilian Loubet	"c(""arnaudserry_FacetSep_Arnaud Serry"", ""loubet-lilian_FacetSep_Lilian Loubet"")"	hal-03164722	ART	2021	https://normandie-univ.hal.science/hal-03164722/document	10.15181/rfds.v33i1.2202
Philippe Vidal,Marie-Hélène Gauthier	"c(""philippe-vidal_FacetSep_Philippe Vidal"", ""marie-helene-gauthier_FacetSep_Marie-Hélène Gauthier"")"	hal-03600536	ART	2021	https://hal.science/hal-03600536/document	10.4000/cybergeo.36839
Arnaud Serry	arnaudserry_FacetSep_Arnaud Serry	hal-04142665	ART	2023	https://hal.science/hal-04142665/document	10.12716/1001.17.02.13
Emmanuel Eliot,Armelle Couillet,Céline Colange	"c(""_FacetSep_Emmanuel Eliot"", ""armelle-couillet_FacetSep_Armelle Couillet"", ""_FacetSep_Céline Colange"")"	halshs-04329874	ISSUE	2023	https://shs.hal.science/halshs-04329874/document	NA
Alexandre Cebeillac,Éric Daudé	"c(""_FacetSep_Alexandre Cebeillac"", ""eric-daude_FacetSep_Éric Daudé"")"	hal-04184046	COUV	2023	https://hal.science/hal-04184046/document	10.51926/iste.9109.ch1
Yvette Vaguet,Philippe Jeanne	"c(""yvette-vaguet_FacetSep_Yvette Vaguet"", ""_FacetSep_Philippe Jeanne"")"	hal-03617049	ART	2022	https://hal.science/hal-03617049/document	10.4000/cybergeo.38293
John Barzman	barzmanj_FacetSep_John Barzman	hal-03220581	ART	2021	https://hal.science/hal-03220581/document	NA
Bastien Peuziat	bastien-peuziat_FacetSep_Bastien Peuziat	tel-04032170	THESE	2022	https://theses.hal.science/tel-04032170/document	NA
Yvette Vaguet,Jonathan Hani	"c(""yvette-vaguet_FacetSep_Yvette Vaguet"", ""_FacetSep_Jonathan Hani"")"	halshs-01821745	ART	2021	https://shs.hal.science/halshs-01821745/document	10.3917/eg.503.0175
François Guiziou	francois-guiziou_FacetSep_François Guiziou	hal-04314293	ART	2024	https://hal.science/hal-04314293/document	10.12716/1001.18.01.20
Nicolas Blanchard	_FacetSep_Nicolas Blanchard	tel-04440047	THESE	2023	https://theses.hal.science/tel-04440047/document	NA
Igor Girault	_FacetSep_Igor Girault	tel-04452931	THESE	2023	https://theses.hal.science/tel-04452931/document	NA
Florence Bourges	_FacetSep_Florence Bourges	tel-04107576	THESE	2022	https://theses.hal.science/tel-04107576/document	NA
Élise Autrive	_FacetSep_Élise Autrive	tel-03614984	THESE	2021	https://theses.hal.science/tel-03614984/document	NA
Igor Girault	_FacetSep_Igor Girault	tel-04469768	THESE	2023	https://hal.science/tel-04469768/document	NA
Samuel Deprez	deprez-samuel_FacetSep_Samuel Deprez	hal-04299850	OTHER	2023	https://hal.science/hal-04299850/document	NA
Jonas Pigeon	jonas-pigeon_FacetSep_Jonas Pigeon	hal-03931406	COUV	2022	https://hal.science/hal-03931406/document	NA
Jeanne Probst	_FacetSep_Jeanne Probst	tel-03783616	THESE	2022	https://theses.hal.science/tel-03783616/document	NA
Arnaud Serry	_FacetSep_Arnaud Serry	hal-03656297	ART	2021	https://normandie-univ.hal.science/hal-03656297/document	NA
John Barzman	barzmanj_FacetSep_John Barzman	halshs-03219342	ART	2021	https://shs.hal.science/halshs-03219342/document	NA
Bastien Sandberg,Olivier Maquaire,Candide Lissak,Mohand Medjkane,Thomas Roulland,Robert Davidson	"c(""_FacetSep_Bastien Sandberg"", ""olivier-maquaire_FacetSep_Olivier Maquaire"", ""candide-lissak_FacetSep_Candide Lissak"", ""mohand-medjkane_FacetSep_Mohand Medjkane"", ""_FacetSep_Thomas Roulland"", ""robert-davidson_FacetSep_Robert Davidson"")"	hal-04219333	POSTER	2022	https://hal.science/hal-04219333/document	NA
Arnaud Serry	_FacetSep_Arnaud Serry	hal-03431456	ART	2021	https://normandie-univ.hal.science/hal-03431456/document	10.15181/rfds.v35i3.2276
Emilija Pundziute Gallois,Arnaud Serry	"c(""_FacetSep_Emilija Pundziute Gallois"", ""arnaudserry_FacetSep_Arnaud Serry"")"	hal-04425005	OUV	2023	https://normandie-univ.hal.science/hal-04425005/document	NA
Ndeye Ngom	_FacetSep_Ndeye Ngom	tel-03575154	THESE	2021	https://theses.hal.science/tel-03575154/document	NA
Lilian Loubet,Arnaud Serry	"c(""loubet-lilian_FacetSep_Lilian Loubet"", ""arnaudserry_FacetSep_Arnaud Serry"")"	hal-03824198	ART	2022	https://normandie-univ.hal.science/hal-03824198/document	10.7225/toms.v11.n02.007
Lilian Loubet,Arnaud Serry	"c(""loubet-lilian_FacetSep_Lilian Loubet"", ""arnaudserry_FacetSep_Arnaud Serry"")"	hal-03395996	OUV	2021	https://hal.science/hal-03395996/document	NA
Arnaud Serry	arnaudserry_FacetSep_Arnaud Serry	tel-04424725	HDR	2023	https://normandie-univ.hal.science/tel-04424725/document	NA
Mathilde Guillemois,Daniel Delahaye,Romain Reulier	"c(""_FacetSep_Mathilde Guillemois"", ""_FacetSep_Daniel Delahaye"", ""romain-reulier_FacetSep_Romain Reulier"")"	hal-04417307	ART	2023	https://hal.science/hal-04417307/document	10.4000/cybergeo.40656
Thomas Roulland	_FacetSep_Thomas Roulland	tel-03827251	THESE	2022	https://theses.hal.science/tel-03827251/document	NA
Ralph Zoghaib	_FacetSep_Ralph Zoghaib	tel-03635142	THESE	2021	https://theses.hal.science/tel-03635142/document	NA
Joël Colloc,Relwende Aristide Yameogo,Peter Summons,Lilian Loubet,Jean-Bernard Cavelier,Paul Bridier	"c(""thx036976580304_FacetSep_Joël Colloc"", ""relwende-aristide-yameogo_FacetSep_Relwende Aristide Yameogo"", ""_FacetSep_Peter Summons"", ""loubet-lilian_FacetSep_Lilian Loubet"", ""_FacetSep_Jean-Bernard Cavelier"", ""_FacetSep_Paul Bridier"")"	hal-03586734	ART	2022	https://hal.science/hal-03586734/document	10.3390/a15020066
Arnaud Serry,Margaux Pasquier	"c(""arnaudserry_FacetSep_Arnaud Serry"", ""_FacetSep_Margaux Pasquier"")"	hal-03445948	COUV	2021	https://normandie-univ.hal.science/hal-03445948/document	NA
Guillaume Thirard	_FacetSep_Guillaume Thirard	tel-03652963	THESE	2022	https://theses.hal.science/tel-03652963/document	NA
Sandra Gaviria	sandra-gaviria_FacetSep_Sandra Gaviria	hal-03594929	OTHER	2022	https://hal.science/hal-03594929/document	NA
Florent Amat,Christophe Imbert,Guillaume Le Roux	"c(""florent-amat_FacetSep_Florent Amat"", ""_FacetSep_Christophe Imbert"", ""guillaume-le-roux_FacetSep_Guillaume Le Roux"")"	hal-03457628	COUV	2021	https://hal.science/hal-03457628/document	10.48390/5jfy-w535
François Guiziou	francois-guiziou_FacetSep_François Guiziou	hal-04314406	COUV	2023	https://hal.science/hal-04314406/document	NA
Florent Amat,Christophe Imbert,Guillaume Le Roux	"c(""florent-amat_FacetSep_Florent Amat"", ""_FacetSep_Christophe Imbert"", ""guillaume-le-roux_FacetSep_Guillaume Le Roux"")"	hal-03457640	COUV	2021	https://hal.science/hal-03457640/document	10.48390/emw0-4853
François Guiziou	francois-guiziou_FacetSep_François Guiziou	hal-04374237	ART	2023	https://hal.science/hal-04374237/document	NA
Nathan Gouin	nathan-gouin_FacetSep_Nathan Gouin	hal-03542742	COUV	2021	https://hal.science/hal-03542742/document	10.48390/ma3t-f465
Mélanie Bourguignon,Damiens Joan,Yoann Doignon,Thierry Eggerickx,Scott Fontaine,Audrey Plavsic,Alice Rees,Ester Rizzi,Jean-Paul Sanderson,Benjamin-Samuel Schlüter	"c(""_FacetSep_Mélanie Bourguignon"", ""_FacetSep_Damiens Joan"", ""yoann-doignon_FacetSep_Yoann Doignon"", ""_FacetSep_Thierry Eggerickx"", ""_FacetSep_Scott Fontaine"", ""_FacetSep_Audrey Plavsic"", ""_FacetSep_Alice Rees"", ""_FacetSep_Ester Rizzi"", ""_FacetSep_Jean-Paul Sanderson"", ""_FacetSep_Benjamin-Samuel Schlüter"")"	halshs-03870327	ART	2022	https://shs.hal.science/halshs-03870327/document	NA
Sarah Le Hir,Philippe Vidal,Alexandre Cuvier	"c(""_FacetSep_Sarah Le Hir"", ""_FacetSep_Philippe Vidal"", ""alexandre-cuvier_FacetSep_Alexandre Cuvier"")"	hal-04106125	ART	2023	https://hal.science/hal-04106125/document	10.4000/netcom.7271
Arnaud Serry,Brigitte Daudet,Yann Alix	"c(""arnaudserry_FacetSep_Arnaud Serry"", ""brigitte-daudet_FacetSep_Brigitte Daudet"", ""_FacetSep_Yann Alix"")"	hal-04089012	OTHER	2023	https://normandie-univ.hal.science/hal-04089012/document	NA
Nathan Gouin	nathan-gouin_FacetSep_Nathan Gouin	hal-03542731	COUV	2021	https://hal.science/hal-03542731/document	10.48390/cayq-e614
Sarah Le Hir	_FacetSep_Sarah Le Hir	hal-04106142	OTHER	2022	https://hal.science/hal-04106142/document	10.4000/netcom.7274
Yoann Doignon,Mélanie Bourguignon,Damiens Joan,Thierry Eggerickx,Scott Fontaine,Audrey Plavsic,Alice Rees,Ester Rizzi,Jean-Paul Sanderson,Benjamin-Samuel Schlüter	"c(""yoann-doignon_FacetSep_Yoann Doignon"", ""_FacetSep_Mélanie Bourguignon"", ""_FacetSep_Damiens Joan"", ""_FacetSep_Thierry Eggerickx"", ""_FacetSep_Scott Fontaine"", ""_FacetSep_Audrey Plavsic"", ""_FacetSep_Alice Rees"", ""_FacetSep_Ester Rizzi"", ""_FacetSep_Jean-Paul Sanderson"", ""_FacetSep_Benjamin-Samuel Schlüter"")"	halshs-04313970	COMM	2021	https://shs.hal.science/halshs-04313970/document	NA
Nathan Gouin	nathan-gouin_FacetSep_Nathan Gouin	hal-03542746	COUV	2021	https://hal.science/hal-03542746/document	10.48390/5h1c-gc46
Fabien Bitu,Béatrice Galinon-Mélénec,Michèle Molina	"c(""fabien-bitu_FacetSep_Fabien Bitu"", ""_FacetSep_Béatrice Galinon-Mélénec"", ""_FacetSep_Michèle Molina"")"	hal-03673465	ART	2021	https://hal.science/hal-03673465/document	10.3917/anpsy1.214.0489
John Barzman	barzmanj_FacetSep_John Barzman	halshs-04224189	COUV	2023	https://shs.hal.science/halshs-04224189/document	NA
Ronan Kerbiriou	ronan-kerbiriou_FacetSep_Ronan Kerbiriou	hal-03685165	COUV	2021	https://hal.science/hal-03685165/document	NA
Arnaud Brennetot,Nathan Gouin,Franck Viroleau	"c(""abrennetot_FacetSep_Arnaud Brennetot"", ""_FacetSep_Nathan Gouin"", ""_FacetSep_Franck Viroleau"")"	hal-04127060	POSTER	2023	https://hal.science/hal-04127060/document	NA
Ronan Kerbiriou,Arnaud Serry	"c(""ronan-kerbiriou_FacetSep_Ronan Kerbiriou"", ""arnaudserry_FacetSep_Arnaud Serry"")"	hal-04042387	ART	2023	https://hal.science/hal-04042387/document	NA
Fabien Bitu,Béatrice Galinon-Mélénec,Michèle Molina	"c(""fabien-bitu_FacetSep_Fabien Bitu"", ""_FacetSep_Béatrice Galinon-Mélénec"", ""_FacetSep_Michèle Molina"")"	hal-03695638	ART	2022	https://hal.science/hal-03695638/document	10.3389/fpsyg.2022.806093
Olivier Joly,Ronan Kerbiriou	"c(""olivier-p-joly_FacetSep_Olivier Joly"", ""ronan-kerbiriou_FacetSep_Ronan Kerbiriou"")"	hal-03685137	COMM	2022	https://hal.science/hal-03685137/document	NA
Sunny Le Galloudec	sunny-le-galloudec_FacetSep_Sunny Le Galloudec	hal-03663108	ART	2021	https://normandie-univ.hal.science/hal-03663108/document	NA
John Barzman	barzmanj_FacetSep_John Barzman	halshs-04316675	ART	2023	https://shs.hal.science/halshs-04316675/document	NA
Mahmoud Fares	_FacetSep_Mahmoud Fares	tel-04455841	THESE	2024	https://hal.science/tel-04455841/document	NA
Messan Lihoussou,Lazare A Sossou-Agbo	"c(""_FacetSep_Messan Lihoussou"", ""_FacetSep_Lazare A Sossou-Agbo"")"	hal-04271443	UNDEFINED	2023	https://hal.science/hal-04271443/document	NA
Ronan Kerbiriou,Arnaud Serry	"c(""ronan-kerbiriou_FacetSep_Ronan Kerbiriou"", ""arnaudserry_FacetSep_Arnaud Serry"")"	hal-03684533	REPORT	2022	https://hal.science/hal-03684533/document	NA
Ronan Kerbiriou,Arnaud Serry	"c(""ronan-kerbiriou_FacetSep_Ronan Kerbiriou"", ""arnaudserry_FacetSep_Arnaud Serry"")"	hal-03684522	REPORT	2021	https://hal.science/hal-03684522/document	NA
Matthieu David,Olivier Cantat,Éline Gérard	"c(""matthieu-david7_FacetSep_Matthieu David"", ""olivier-cantat_FacetSep_Olivier Cantat"", ""_FacetSep_Éline Gérard"")"	hal-04047084	COMM	2022	https://hal.science/hal-04047084/document	NA
Cyrille Fauchard,Vincent Guilbert,Raphael Antoine,Cyril Ledun,Bruno Beaucamp,Olivier Maquaire,Stéphane Costa,Mohand Medjkane,Thomas Roulland	"c(""cyrille-fauchard_FacetSep_Cyrille Fauchard"", ""_FacetSep_Vincent Guilbert"", ""_FacetSep_Raphael Antoine"", ""_FacetSep_Cyril Ledun"", ""_FacetSep_Bruno Beaucamp"", ""_FacetSep_Olivier Maquaire"", ""_FacetSep_Stéphane Costa"", ""_FacetSep_Mohand Medjkane"", ""_FacetSep_Thomas Roulland"")"	hal-04099517	ART	2023	https://hal.science/hal-04099517/document	10.1007/s10346-022-02006-2
Mathilde Lebon,Delphine Grancher,Éric Daudé	"c(""_FacetSep_Mathilde Lebon"", ""delphine-grancher_FacetSep_Delphine Grancher"", ""eric-daude_FacetSep_Éric Daudé"")"	halshs-03688154	ART	2021	https://shs.hal.science/halshs-03688154/document	NA
Yoann Doignon,Elena Ambrosetti,Sara Miccoli	"c(""_FacetSep_Yoann Doignon"", ""_FacetSep_Elena Ambrosetti"", ""_FacetSep_Sara Miccoli"")"	hal-03948491	COMM	2022	https://amu.hal.science/hal-03948491/document	10.1186/s41118-021-00131-9
François Drémeaux	francois-dremeaux_FacetSep_François Drémeaux	hal-04286059	COUV	2023	https://hal.science/hal-04286059/document	NA
François Drémeaux	francois-dremeaux_FacetSep_François Drémeaux	hal-04234215	COUV	2023	https://hal.science/hal-04234215/document	NA
Florent Amat	florent-amat_FacetSep_Florent Amat	hal-04416116	COMM	2023	https://hal.science/hal-04416116/document	NA
William Berthomiere,Christophe Imbert,Bénédicte Michalon	"c(""william-berthomiere_FacetSep_William Berthomiere"", ""sc-imbert_FacetSep_Christophe Imbert"", ""michalon-benedicte_FacetSep_Bénédicte Michalon"")"	halshs-03509026	ART	2021	https://shs.hal.science/halshs-03509026/document	NA
François Drémeaux	francois-dremeaux_FacetSep_François Drémeaux	hal-04234191	BLOG	2023	https://hal.science/hal-04234191/document	NA
Monika dos Santos,Juanette John,Rebecca M Garland,Romeo Palakatsela,Arnaud Banos,Pim Martens,Bono Nemukula,Murdock Ramathuba,Faith Nkohla,Keobakile Lenyibi	"c(""_FacetSep_Monika dos Santos"", ""_FacetSep_Juanette John"", ""_FacetSep_Rebecca M Garland"", ""_FacetSep_Romeo Palakatsela"", ""arnaud-banos_FacetSep_Arnaud Banos"", ""_FacetSep_Pim Martens"", ""_FacetSep_Bono Nemukula"", ""_FacetSep_Murdock Ramathuba"", ""_FacetSep_Faith Nkohla"", ""_FacetSep_Keobakile Lenyibi"")"	hal-03627512	ART	2022	https://hal.science/hal-03627512/document	10.4102/phcfm.v14i1.3203
François Drémeaux	francois-dremeaux_FacetSep_François Drémeaux	hal-04234199	BLOG	2021	https://hal.science/hal-04234199/document	NA
Julie Bulteau,Sonia Adelé,Thierry Feuillet	"c(""julie-bulteau_FacetSep_Julie Bulteau"", ""sonia-adele_FacetSep_Sonia Adelé"", ""thierry-feuillet_FacetSep_Thierry Feuillet"")"	hal-04457711	COMM	2023	https://hal.science/hal-04457711/document	NA
François Drémeaux	francois-dremeaux_FacetSep_François Drémeaux	hal-04234187	BLOG	2021	https://hal.science/hal-04234187/document	NA
François Drémeaux	francois-dremeaux_FacetSep_François Drémeaux	hal-04234217	COUV	2023	https://hal.science/hal-04234217/document	NA
Guillaume Le Roux,Florent Amat,Christophe Imbert	"c(""guillaume-le-roux_FacetSep_Guillaume Le Roux"", ""florent-amat_FacetSep_Florent Amat"", ""sc-imbert_FacetSep_Christophe Imbert"")"	halshs-04250548	ART	2023	https://shs.hal.science/halshs-04250548/document	10.14428/rqj2022.10.01.02
Lénaic Rummler,Mariam Abd El Sater,Nicolas Blanchard,Vincent Bizet	"c(""_FacetSep_Lénaic Rummler"", ""_FacetSep_Mariam Abd El Sater"", ""_FacetSep_Nicolas Blanchard"", ""vincent-bizet_FacetSep_Vincent Bizet"")"	hal-04252372	ART	2023	https://hal.science/hal-04252372/document	10.1055/a-2192-6996
Éric Daudé,Delphine Grancher,Franck Lavigne	"c(""eric-daude_FacetSep_Éric Daudé"", ""delphine-grancher_FacetSep_Delphine Grancher"", ""franck-lavigne_FacetSep_Franck Lavigne"")"	halshs-03177723	ART	2021	https://shs.hal.science/halshs-03177723/document	10.4000/echogeo.20961
Sebastien Courtin,Marin Gohard,Annick Laruelle	"c(""sebastien-courtin_FacetSep_Sebastien Courtin"", ""_FacetSep_Marin Gohard"", ""_FacetSep_Annick Laruelle"")"	hal-04352680	UNDEFINED	2023	https://hal.science/hal-04352680/document	NA
Élise Autrive,Laurent Beauguitte,Ninon Briot,Paul Gourdon	"c(""_FacetSep_Élise Autrive"", ""laurent-beauguitte_FacetSep_Laurent Beauguitte"", ""_FacetSep_Ninon Briot"", ""_FacetSep_Paul Gourdon"")"	hal-03920666	UNDEFINED	2024	https://hal.science/hal-03920666/document	NA
Diego Mermoud-Plaza,Chloé Montavon,Diane Le Luyer,Eléonore Pigalle,Lucas Haldimann,Guillaume Drevon	"c(""_FacetSep_Diego Mermoud-Plaza"", ""_FacetSep_Chloé Montavon"", ""_FacetSep_Diane Le Luyer"", ""eleonore-pigalle_FacetSep_Eléonore Pigalle"", ""_FacetSep_Lucas Haldimann"", ""guillaume-drevon_FacetSep_Guillaume Drevon"")"	hal-04461866	SON	2023	https://hal.science/hal-04461866/document	NA
Laëtitia Ngatcha-Ribert,Anne-Bérénice Simzac,Thibauld Moulaert	"c(""laetitia-ngatcha-ribert_FacetSep_Laëtitia Ngatcha-Ribert"", ""_FacetSep_Anne-Bérénice Simzac"", ""thibauld-moulaert_FacetSep_Thibauld Moulaert"")"	hal-03756430	ART	2022	https://hal.science/hal-03756430/document	10.3917/gs1.167.0039
Armelle Couillet,Hélène Rougier,Dominique Todisco,Josserand Marot,Olivier Gillet,Isabelle Crevecoeur	"c(""armelle-couillet_FacetSep_Armelle Couillet"", ""_FacetSep_Hélène Rougier"", ""dominique-todisco_FacetSep_Dominique Todisco"", ""_FacetSep_Josserand Marot"", ""olivier-gillet_FacetSep_Olivier Gillet"", ""isabelle-crevecoeur_FacetSep_Isabelle Crevecoeur"")"	halshs-03596369	ART	2022	https://shs.hal.science/halshs-03596369/document	10.5334/jcaa.81
Laëtitia Ngatcha-Ribert,Anne-Bérénice Simzac,Thibauld Moulaert	"c(""_FacetSep_Laëtitia Ngatcha-Ribert"", ""_FacetSep_Anne-Bérénice Simzac"", ""thibauld-moulaert_FacetSep_Thibauld Moulaert"")"	hal-03756385	ART	2022	https://hal.science/hal-03756385/document	10.3917/gs1.167.0011
Paul Rabelle,Carole Nehme,Daniel Ballesteros,Damase Mouralis,Aude Paichault	"c(""_FacetSep_Paul Rabelle"", ""_FacetSep_Carole Nehme"", ""_FacetSep_Daniel Ballesteros"", ""_FacetSep_Damase Mouralis"", ""_FacetSep_Aude Paichault"")"	hal-03235559	ART	2021	https://hal.science/hal-03235559/document	NA
Ronan Kerbiriou	_FacetSep_Ronan Kerbiriou	hal-04336640	ART	2024	https://hal.science/hal-04336640/document	10.12716/1001.18.01.22
Lilian Loubet,Géraldine del Mondo,Julius Bañgate,Eric Sanlaville,Pierrick Tranouez	"c(""loubet-lilian_FacetSep_Lilian Loubet"", ""_FacetSep_Géraldine del Mondo"", ""_FacetSep_Julius Bañgate"", ""_FacetSep_Eric Sanlaville"", ""_FacetSep_Pierrick Tranouez"")"	hal-04154472	ART	2024	https://hal.science/hal-04154472/document	NA
Olivier Joly,Ronan Kerbiriou	"c(""_FacetSep_Olivier Joly"", ""_FacetSep_Ronan Kerbiriou"")"	hal-04413092	ART	2023	https://hal.science/hal-04413092/document	10.4000/bagf.11288
Ronan Kerbiriou	ronan-kerbiriou_FacetSep_Ronan Kerbiriou	hal-04427621	COUV	2023	https://hal.science/hal-04427621/document	NA
Mohammadali Vosooghidizaji,Clément Méjane,Ronan Kerbiriou	"c(""mohammadali-vosooghidizaji_FacetSep_Mohammadali Vosooghidizaji"", ""_FacetSep_Clément Méjane"", ""ronan-kerbiriou_FacetSep_Ronan Kerbiriou"")"	hal-03684513	REPORT	2022	https://hal.science/hal-03684513/document	NA
Camille Martel,Gaëlle Lefer Sauvage,Marin Laborie,Arnaud Banos	"c(""_FacetSep_Camille Martel"", ""gaelle-lefer-sauvage_FacetSep_Gaëlle Lefer Sauvage"", ""marin-laborie_FacetSep_Marin Laborie"", ""arnaud-banos_FacetSep_Arnaud Banos"")"	hal-04379039	COUV	2024	https://hal.science/hal-04379039/document	NA
Kaï Fechner,Frédéric Broes,Adrien Gonnet	"c(""kai-fechner_FacetSep_Kaï Fechner"", ""frederic-broes_FacetSep_Frédéric Broes"", ""_FacetSep_Adrien Gonnet"")"	hal-04413017	POSTER	2023	https://inrap.hal.science/hal-04413017/document	10.34692/wd5z-pw68
Luc Sandevoir,Laurent Lespez,Candide Lissak	"c(""_FacetSep_Luc Sandevoir"", ""lespez_FacetSep_Laurent Lespez"", ""candide-lissak_FacetSep_Candide Lissak"")"	hal-04078616	ART	2023	https://hal.science/hal-04078616/document	10.3390/land12040784
Carole Adam,Hélène Arduin	"c(""carole-adam_FacetSep_Carole Adam"", ""_FacetSep_Hélène Arduin"")"	hal-03613433	COMM	2022	https://hal.science/hal-03613433/document	NA
Françoise Lucchini,Lola Jordan,Armelle Couillet,Nicolas Georges,Jérôme Belmon,Thierry Claerr,Valérie Travier,Wilfried Muller,Élisa Capelle,Timothée Croizé,Guillaume Hatt	"c(""francoise-lucchini_FacetSep_Françoise Lucchini"", ""_FacetSep_Lola Jordan"", ""armelle-couillet_FacetSep_Armelle Couillet"", ""_FacetSep_Nicolas Georges"", ""jerome-belmon_FacetSep_Jérôme Belmon"", ""_FacetSep_Thierry Claerr"", ""_FacetSep_Valérie Travier"", ""_FacetSep_Wilfried Muller"", ""_FacetSep_Élisa Capelle"", ""_FacetSep_Timothée Croizé"", ""_FacetSep_Guillaume Hatt"")"	halshs-04444109	OUV	2024	https://shs.hal.science/halshs-04444109/document	10.48390/t15t-kf51
Virginie Duvat,Alexandre Magnan,Lydie Goeldner-Gianella,Delphine Grancher,Stéphane Costa,Olivier Maquaire,Gonéri Le Cozannet,Lucile Stahl,Natacha Volto,Cécilia Pignon-Mussaud	"c(""virginie-duvat_FacetSep_Virginie Duvat"", ""_FacetSep_Alexandre Magnan"", ""_FacetSep_Lydie Goeldner-Gianella"", ""delphine-grancher_FacetSep_Delphine Grancher"", ""_FacetSep_Stéphane Costa"", ""_FacetSep_Olivier Maquaire"", ""goneri-le-cozannet_FacetSep_Gonéri Le Cozannet"", ""_FacetSep_Lucile Stahl"", ""_FacetSep_Natacha Volto"", ""_FacetSep_Cécilia Pignon-Mussaud"")"	hal-03755837	ART	2022	https://hal.science/hal-03755837/document	10.1038/s41598-022-18109-8
Sarah Bortolamiol,Thierry Feuillet,Wilson Kagoro,Rukia Namirembe,Edward Asalu,Sabrina Krief	"c(""sarah-bortolamiol_FacetSep_Sarah Bortolamiol"", ""thierry-feuillet_FacetSep_Thierry Feuillet"", ""_FacetSep_Wilson Kagoro"", ""_FacetSep_Rukia Namirembe"", ""_FacetSep_Edward Asalu"", ""_FacetSep_Sabrina Krief"")"	hal-04017586	ART	2023	https://hal.science/hal-04017586/document	10.3390/ani13050771
Olivier Gillet,Éric Daudé,Monique Gherardi,Frédéric Leone,Jean-Christophe Komorowski	"c(""_FacetSep_Olivier Gillet"", ""_FacetSep_Éric Daudé"", ""_FacetSep_Monique Gherardi"", ""_FacetSep_Frédéric Leone"", ""_FacetSep_Jean-Christophe Komorowski"")"	hal-04312547	ART	2023	https://hal.science/hal-04312547/document	10.4000/echogeo.25521
Thierry Feuillet,Hélène Charreire	"c(""thierry-feuillet_FacetSep_Thierry Feuillet"", ""helene-charreire_FacetSep_Hélène Charreire"")"	hal-04184229	COUV	2023	https://hal.science/hal-04184229/document	10.51926/iste.9109.ch5
Guillaume Cantin,Cristiana J. Silva,Arnaud Banos	"c(""_FacetSep_Guillaume Cantin"", ""_FacetSep_Cristiana J. Silva"", ""arnaud-banos_FacetSep_Arnaud Banos"")"	hal-03618929	ART	2022	https://hal.science/hal-03618929/document	10.3934/nhm.2022010
Christophe Maneuvrier,Jérôme Jambu,Maryse Blet-Lemarquand	"c(""christophe-maneuvrier_FacetSep_Christophe Maneuvrier"", ""jerome-jambu_FacetSep_Jérôme Jambu"", ""maryse-blet-lemarquand_FacetSep_Maryse Blet-Lemarquand"")"	hal-04198081	ART	2023	https://hal.science/hal-04198081/document	NA
Sylvain Bigot,Albin Ullmann,Olivier Cantat,Elodie Briche	"c(""_FacetSep_Sylvain Bigot"", ""_FacetSep_Albin Ullmann"", ""olivier-cantat_FacetSep_Olivier Cantat"", ""elodie-briche_FacetSep_Elodie Briche"")"	hal-04273242	ART	2023	https://u-bourgogne.hal.science/hal-04273242/document	10.1051/climat/202320001
Carlos López Solano,Imen Turki,Yasser Hamdi,Antoine Soloy,Stéphane Costa,Benoît B. Laignel,Ángel David Gutiérrez Barceló,Nizar Abcha,Delphine Jacono,Robert Lafite	"c(""_FacetSep_Carlos López Solano"", ""imen-turki_FacetSep_Imen Turki"", ""_FacetSep_Yasser Hamdi"", ""antoine-soloy_FacetSep_Antoine Soloy"", ""_FacetSep_Stéphane Costa"", ""benoit-laignel_FacetSep_Benoît B. Laignel"", ""_FacetSep_Ángel David Gutiérrez Barceló"", ""nizar-abcha_FacetSep_Nizar Abcha"", ""_FacetSep_Delphine Jacono"", ""robert-lafite_FacetSep_Robert Lafite"")"	hal-03592045	ART	2022	https://hal.science/hal-03592045/document	10.3390/w14030321
Arnaud Saval,Mathieu Bourgais,Éric Daudé,Pierrick Tranouez	"c(""_FacetSep_Arnaud Saval"", ""mathieu-bourgais_FacetSep_Mathieu Bourgais"", ""eric-daude_FacetSep_Éric Daudé"", ""pierrick-tranouez_FacetSep_Pierrick Tranouez"")"	halshs-04199765	COMM	2023	https://shs.hal.science/halshs-04199765/document	NA
Camille Hochedez,Christophe Imbert,William Berthomiere,Pierre Pistre	"c(""camille-hochedez_FacetSep_Camille Hochedez"", ""sc-imbert_FacetSep_Christophe Imbert"", ""william-berthomiere_FacetSep_William Berthomiere"", ""pierre-pistre_FacetSep_Pierre Pistre"")"	hal-03501545	COMM	2021	https://hal.science/hal-03501545/document	NA
William Rapuc,Julien Bouchez,Pierre Sabatier,Kim Genuite,Jérôme Poulenard,Jérôme Gaillardet,Fabien Arnaud	"c(""william-rapuc_FacetSep_William Rapuc"", ""julien-bouchez_FacetSep_Julien Bouchez"", ""_FacetSep_Pierre Sabatier"", ""kim-genuite_FacetSep_Kim Genuite"", ""jerome-poulenard_FacetSep_Jérôme Poulenard"", ""_FacetSep_Jérôme Gaillardet"", ""fabien-arnaud_FacetSep_Fabien Arnaud"")"	hal-03340528	ART	2021	https://hal.science/hal-03340528/document	10.1016/j.quascirev.2021.107127
François Drémeaux,Clément Fabre	"c(""francois-dremeaux_FacetSep_François Drémeaux"", ""clement-fabre_FacetSep_Clément Fabre"")"	hal-04234210	NOTICE	2023	https://hal.science/hal-04234210/document	NA
Mélody Dumont,Gilles Arnaud-Fassetta,Christopher Gomez,Candide Lissak,Vincent Viel	"c(""melody-dumont_FacetSep_Mélody Dumont"", ""_FacetSep_Gilles Arnaud-Fassetta"", ""christopher-gomez_FacetSep_Christopher Gomez"", ""_FacetSep_Candide Lissak"", ""vincent-viel_FacetSep_Vincent Viel"")"	hal-04285534	COMM	2022	https://hal.science/hal-04285534/document	10.3390/iecg2022-14820
Vincent Siccard,Etienne Edouard Cossart,Christopher Gomez,Candide Lissak	"c(""vincent-siccard_FacetSep_Vincent Siccard"", ""_FacetSep_Etienne Edouard Cossart"", ""christopher-gomez_FacetSep_Christopher Gomez"", ""candide-lissak_FacetSep_Candide Lissak"")"	hal-03777925	POSTER	2021	https://univ-lyon3.hal.science/hal-03777925/document	NA
Mélody Dumont,Christopher Gomez,Gilles Arnaud-Fassetta,Candide Lissak,Vincent Viel	"c(""melody-dumont_FacetSep_Mélody Dumont"", ""_FacetSep_Christopher Gomez"", ""_FacetSep_Gilles Arnaud-Fassetta"", ""_FacetSep_Candide Lissak"", ""vincent-viel_FacetSep_Vincent Viel"")"	hal-04286262	ART	2023	https://hal.science/hal-04286262/document	10.3390/su152115331
Bertrand Lefebvre,Rojina Karki,Renaud Misslin,Kanchana Nakhapakorn,Éric Daudé,Richard E. Paul	"c(""bertrand-lefebvre_FacetSep_Bertrand Lefebvre"", ""_FacetSep_Rojina Karki"", ""_FacetSep_Renaud Misslin"", ""_FacetSep_Kanchana Nakhapakorn"", ""eric-daude_FacetSep_Éric Daudé"", ""richard-paul_FacetSep_Richard E. Paul"")"	halshs-03770080	ART	2022	https://shs.hal.science/halshs-03770080/document	10.3390/ijerph191610123
François Drémeaux,Clément Fabre	"c(""francois-dremeaux_FacetSep_François Drémeaux"", ""clement-fabre_FacetSep_Clément Fabre"")"	hal-04234213	NOTICE	2023	https://hal.science/hal-04234213/document	NA
Olivier Gillet,Eric Daudé,Arnaud Saval,Clément Caron,Sébastien Rey-Coyrehourcq,Patrick Taillandier,Pierrick Tranouez	"c(""olivier-gillet_FacetSep_Olivier Gillet"", ""_FacetSep_Eric Daudé"", ""_FacetSep_Arnaud Saval"", ""_FacetSep_Clément Caron"", ""sebastien-rey-coyrehourcq_FacetSep_Sébastien Rey-Coyrehourcq"", ""patrick-taillandier_FacetSep_Patrick Taillandier"", ""pierrick-tranouez_FacetSep_Pierrick Tranouez"")"	halshs-04199760	COMM	2023	https://shs.hal.science/halshs-04199760/document	NA
Isabelle Blöss-Widmer,Yoann Doignon,Sébastien Oliveau,Elena Ambrosetti	"c(""isabelle-bloss-widmer_FacetSep_Isabelle Blöss-Widmer"", ""yoann-doignon_FacetSep_Yoann Doignon"", ""oliveau_FacetSep_Sébastien Oliveau"", ""_FacetSep_Elena Ambrosetti"")"	hal-04458317	COMM	2023	https://amu.hal.science/hal-04458317/document	NA
Nadia Carluer,Mathieu Fressard	"c(""nadia-carluer_FacetSep_Nadia Carluer"", ""mathieufressard_FacetSep_Mathieu Fressard"")"	hal-04255661	COMM	2023	https://hal.inrae.fr/hal-04255661/document	NA
Loïc Lebreton,Eugène Morin,Brad Gravina,Alexandre Michel,François Bachellerie,Hélène Rougier,Damien Flas,Véronique Laroulandie,Josserand Marot,Hélène Rougier,Elise Tartar,Dominique Todisco,Isabelle Crevecoeur	"c(""loic-lebreton_FacetSep_Loïc Lebreton"", ""_FacetSep_Eugène Morin"", ""_FacetSep_Brad Gravina"", ""_FacetSep_Alexandre Michel"", ""_FacetSep_François Bachellerie"", ""_FacetSep_Hélène Rougier"", ""_FacetSep_Damien Flas"", ""veronique-laroulandie_FacetSep_Véronique Laroulandie"", ""_FacetSep_Josserand Marot"", ""_FacetSep_Hélène Rougier"", ""elise-tartar_FacetSep_Elise Tartar"", ""dominique-todisco_FacetSep_Dominique Todisco"", ""isabelle-crevecoeur_FacetSep_Isabelle Crevecoeur"")"	hal-03447683	ART	2021	https://hal.science/hal-03447683/document	10.3390/quat4040033
Christian Laag,Yohan Guyodo,France Lagroix,Stoil Chapkanski,Diana Jordanova,Neli Jordanova	"c(""_FacetSep_Christian Laag"", ""_FacetSep_Yohan Guyodo"", ""france-lagroix_FacetSep_France Lagroix"", ""stoil-chapkanski_FacetSep_Stoil Chapkanski"", ""_FacetSep_Diana Jordanova"", ""_FacetSep_Neli Jordanova"")"	hal-04076200	COMM	2023	https://hal.science/hal-04076200/document	10.5194/egusphere-egu23-3262
François Beauvais,Olivier Cantat,Patrick Legouee,Philippe Madeline,Sophie Brunel-Muguet,Line Boulonne,Hervé Gaillard,Claudy Jolivet,Marie-Paule Bataille,Mohand Medjkane	"c(""francois-beauvais_FacetSep_François Beauvais"", ""olivier-cantat_FacetSep_Olivier Cantat"", ""_FacetSep_Patrick Legouee"", ""_FacetSep_Philippe Madeline"", ""_FacetSep_Sophie Brunel-Muguet"", ""line-boulonne_FacetSep_Line Boulonne"", ""_FacetSep_Hervé Gaillard"", ""_FacetSep_Claudy Jolivet"", ""_FacetSep_Marie-Paule Bataille"", ""_FacetSep_Mohand Medjkane"")"	hal-03942493	ART	2022	https://hal.science/hal-03942493/document	10.4000/cybergeo.39679
Marie Orange,François-Xavier Le Bourdonnec,Rémi Berthon,Damase Mouralis,Bernard Gratuze,Judith Thomalsky,Akbar Abedi,Catherine Marro	"c(""marie-orange_FacetSep_Marie Orange"", ""francois-xavier-le-bourdonnec_FacetSep_François-Xavier Le Bourdonnec"", ""remi-berthon_FacetSep_Rémi Berthon"", ""damase-mouralis_FacetSep_Damase Mouralis"", ""bernard-gratuze_FacetSep_Bernard Gratuze"", ""_FacetSep_Judith Thomalsky"", ""_FacetSep_Akbar Abedi"", ""catherine-marro_FacetSep_Catherine Marro"")"	hal-03177295	ART	2021	https://hal.science/hal-03177295/document	10.1111/arcm.12660
Yvette Vaguet,Éric Canobbio,Sébastien Gadal,François Moriconi-Ebrard	"c(""yvette-vaguet_FacetSep_Yvette Vaguet"", ""_FacetSep_Éric Canobbio"", ""sebastien-gadal_FacetSep_Sébastien Gadal"", ""francois-moriconi-ebrard_FacetSep_François Moriconi-Ebrard"")"	hal-03699911	REPORT	2022	https://hal.science/hal-03699911/document	NA
Arnaud Saval,Duc Pham Minh,Kevin Chapuis,Pierrick Tranouez,Clément Caron,Éric Daudé,Patrick Taillandier	"c(""_FacetSep_Arnaud Saval"", ""_FacetSep_Duc Pham Minh"", ""_FacetSep_Kevin Chapuis"", ""_FacetSep_Pierrick Tranouez"", ""_FacetSep_Clément Caron"", ""_FacetSep_Éric Daudé"", ""patrick-taillandier_FacetSep_Patrick Taillandier"")"	halshs-04018864	ART	2023	https://shs.hal.science/halshs-04018864/document	10.1371/journal.pone.0281658
Mahamadou Barro,Aristide Relwendé Yaméogo,Robert Darlin Mba,Rémi Kaboré,Germain Mandi,Désiré Lucien Dahourou,Patrice Zabsonré,Nicolas Méda,Juste Aristide Goungounga	"c(""_FacetSep_Mahamadou Barro"", ""_FacetSep_Aristide Relwendé Yaméogo"", ""_FacetSep_Robert Darlin Mba"", ""_FacetSep_Rémi Kaboré"", ""_FacetSep_Germain Mandi"", ""_FacetSep_Désiré Lucien Dahourou"", ""_FacetSep_Patrice Zabsonré"", ""_FacetSep_Nicolas Méda"", ""justegoungounga_FacetSep_Juste Aristide Goungounga"")"	hal-03923267	ART	2022	https://ehesp.hal.science/hal-03923267/document	10.1097/MD.0000000000031147
Léa Mairaville,Damase Mouralis,Dominique Todisco,Stoil Chapkanski,Hervé Richard,Christine Paillès,Jonas Parétias	"c(""lea-mairaville_FacetSep_Léa Mairaville"", ""damase-mouralis_FacetSep_Damase Mouralis"", ""dominique-todisco_FacetSep_Dominique Todisco"", ""stoil-chapkanski_FacetSep_Stoil Chapkanski"", ""_FacetSep_Hervé Richard"", ""christine-pailles_FacetSep_Christine Paillès"", ""jonas-paretias_FacetSep_Jonas Parétias"")"	hal-04367470	POSTER	2023	https://hal.science/hal-04367470/document	NA
C. Nehme,D. Todisco,S.F.M. Breitenbach,Isabelle Couchoud,M. Marchegiano,M. Peral,H. Vonhof,J. Hellstrom,R. Tjallingii,P. Claeys,L. Borrero,F. Martin	"c(""_FacetSep_C. Nehme"", ""_FacetSep_D. Todisco"", ""_FacetSep_S.F.M. Breitenbach"", ""isabelle-couchoud_FacetSep_Isabelle Couchoud"", ""_FacetSep_M. Marchegiano"", ""_FacetSep_M. Peral"", ""_FacetSep_H. Vonhof"", ""_FacetSep_J. Hellstrom"", ""_FacetSep_R. Tjallingii"", ""_FacetSep_P. Claeys"", ""_FacetSep_L. Borrero"", ""_FacetSep_F. Martin"")"	hal-04287379	ART	2023	https://hal.science/hal-04287379/document	10.1016/j.gloplacha.2023.104050
Christian Laag,France Lagroix,Sebastian Kreutzer,Stoil Chapkanski,Christian Zeeden,Yohan Guyodo	"c(""_FacetSep_Christian Laag"", ""_FacetSep_France Lagroix"", ""sebastian-kreutzer_FacetSep_Sebastian Kreutzer"", ""stoil-chapkanski_FacetSep_Stoil Chapkanski"", ""_FacetSep_Christian Zeeden"", ""_FacetSep_Yohan Guyodo"")"	hal-04076280	ART	2023	https://hal.science/hal-04076280/document	10.1016/j.mex.2023.102159
Daniel Ballesteros,Carole Nehme,Bastien Roussel,Francois Delisle,Edwige Pons-Branchu,Damase Mouralis	"c(""_FacetSep_Daniel Ballesteros"", ""_FacetSep_Carole Nehme"", ""_FacetSep_Bastien Roussel"", ""francois-delisle_FacetSep_Francois Delisle"", ""edwige-pons-branchu_FacetSep_Edwige Pons-Branchu"", ""_FacetSep_Damase Mouralis"")"	hal-03566387	ART	2022	https://hal.science/hal-03566387/document	10.1111/arcm.12758
Kevin Chapuis,Taha Amine Elwaqoudi,Arthur Brugière,Éric Daudé,Alexis Drogoul,Benoit Gaudou,Doanh Nguyen-Ngoc,Huynh Quang Nghi,Jean-Daniel Zucker	"c(""_FacetSep_Kevin Chapuis"", ""_FacetSep_Taha Amine Elwaqoudi"", ""_FacetSep_Arthur Brugière"", ""eric-daude_FacetSep_Éric Daudé"", ""_FacetSep_Alexis Drogoul"", ""benoit-gaudou_FacetSep_Benoit Gaudou"", ""_FacetSep_Doanh Nguyen-Ngoc"", ""_FacetSep_Huynh Quang Nghi"", ""jean-daniel-zucker_FacetSep_Jean-Daniel Zucker"")"	hal-03258912	COUV	2021	https://hal.science/hal-03258912/document	10.1007/978-981-16-2629-6_5
Stéphane Jaillet,Laurence Audin,Stéphane Bujan,Gaël Cazes,Armelle Couillet,Alexandre Honiat,Sylvia Lopez,Gaël Monvoisin,Bertrand Quenault,Xavier Robert	"c(""stephane-jaillet_FacetSep_Stéphane Jaillet"", ""audin_FacetSep_Laurence Audin"", ""_FacetSep_Stéphane Bujan"", ""_FacetSep_Gaël Cazes"", ""armelle-couillet_FacetSep_Armelle Couillet"", ""_FacetSep_Alexandre Honiat"", ""_FacetSep_Sylvia Lopez"", ""gael-monvoisin_FacetSep_Gaël Monvoisin"", ""_FacetSep_Bertrand Quenault"", ""_FacetSep_Xavier Robert"")"	hal-04394455	ART	2023	https://hal.science/hal-04394455/document	NA
Ophélie Fovet,Francois Meric,Alain Crave,Jean-Michel Cador,Anne-Julia Rollet	"c(""ophelie-fovet_FacetSep_Ophélie Fovet"", ""_FacetSep_Francois Meric"", ""_FacetSep_Alain Crave"", ""jean-michel-cador_FacetSep_Jean-Michel Cador"", ""anne-juliarollet_FacetSep_Anne-Julia Rollet"")"	insu-04182359	ART	2023	https://insu.hal.science/insu-04182359/document	10.3389/fenvs.2023.1231721
Kevin Chapuis,Pham Minh-Duc,Arthur Brugière,Jean-Daniel Zucker,Alexis Drogoul,Pierrick Tranouez,Éric Daudé,Patrick Taillandier	"c(""_FacetSep_Kevin Chapuis"", ""_FacetSep_Pham Minh-Duc"", ""_FacetSep_Arthur Brugière"", ""_FacetSep_Jean-Daniel Zucker"", ""_FacetSep_Alexis Drogoul"", ""_FacetSep_Pierrick Tranouez"", ""_FacetSep_Éric Daudé"", ""_FacetSep_Patrick Taillandier"")"	halshs-03775837	ART	2022	https://shs.hal.science/halshs-03775837/document	10.1080/13658816.2022.2069774
Arnaud Banos,Nicolas Becu,Thomas Claverie,Ph. Charpentier,Matthieu Jeanson,Gaëlle Lefer Sauvage,Matthieu Le Duff,Esméralda Longépée,Miki Mori,Damienne Provitolo,Georgeta Stoica	"c(""arnaud-banos_FacetSep_Arnaud Banos"", ""nicolas-becu_FacetSep_Nicolas Becu"", ""_FacetSep_Thomas Claverie"", ""_FacetSep_Ph. Charpentier"", ""matthieu-jeanson_FacetSep_Matthieu Jeanson"", ""gaelle-lefer-sauvage_FacetSep_Gaëlle Lefer Sauvage"", ""matthieu-le-duff_FacetSep_Matthieu Le Duff"", ""esmeralda-longepee_FacetSep_Esméralda Longépée"", ""miki-mori_FacetSep_Miki Mori"", ""damienne-provitolo_FacetSep_Damienne Provitolo"", ""_FacetSep_Georgeta Stoica"")"	hal-03634770	REPORT	2022	https://hal.science/hal-03634770/document	NA
Zoé Bessin,Marion Jaud,Pauline Letortu,Emmanuel Vassilakis,Niki Evelpidou,Stéphane Costa,Christophe Delacourt	"c(""zoe-bessin_FacetSep_Zoé Bessin"", ""marion-jaud_FacetSep_Marion Jaud"", ""pauline-letortu_FacetSep_Pauline Letortu"", ""_FacetSep_Emmanuel Vassilakis"", ""_FacetSep_Niki Evelpidou"", ""stephane-costa_FacetSep_Stéphane Costa"", ""_FacetSep_Christophe Delacourt"")"	hal-04215075	ART	2023	https://hal.science/hal-04215075/document	10.3390/rs15153824
Renaud Le Goix,Ronan Ysebaert,Timothée Giraud,Marc Lieury,Guilhem Boulay,Mathieu Coulon,Sébastien Rey-Coyrehourcq,Rémi Lemoy,José J Ramasco,Mattia Mazzoli,Pere Colet,Thierry Theurillat,Alain Segessemann,Szymon Marcińczak,Bartosz Bartosiewicz	"c(""renaud-le-goix_FacetSep_Renaud Le Goix"", ""ronan-ysebaert_FacetSep_Ronan Ysebaert"", ""timothee-giraud_FacetSep_Timothée Giraud"", ""_FacetSep_Marc Lieury"", ""gboulay_FacetSep_Guilhem Boulay"", ""mathieu-coulon_FacetSep_Mathieu Coulon"", ""sebastien-rey-coyrehourcq_FacetSep_Sébastien Rey-Coyrehourcq"", ""_FacetSep_Rémi Lemoy"", ""_FacetSep_José J Ramasco"", ""_FacetSep_Mattia Mazzoli"", ""_FacetSep_Pere Colet"", ""_FacetSep_Thierry Theurillat"", ""_FacetSep_Alain Segessemann"", ""_FacetSep_Szymon Marcińczak"", ""_FacetSep_Bartosz Bartosiewicz"")"	halshs-03370962	ART	2021	https://shs.hal.science/halshs-03370962/document	10.4000/cybergeo.36478
Arthur Glais,Laurent Lespez,José Antonio López-Sáez,Zoi Tsirtsoni,Clément Virmoux,Matthieu Ghilardi,Robert Davidson,Dimitra Malamidou,Kosmas Pavlopoulos	"c(""arthur-glais_FacetSep_Arthur Glais"", ""lespez_FacetSep_Laurent Lespez"", ""_FacetSep_José Antonio López-Sáez"", ""_FacetSep_Zoi Tsirtsoni"", ""clement-virmoux_FacetSep_Clément Virmoux"", ""matthieu-ghilardi_FacetSep_Matthieu Ghilardi"", ""_FacetSep_Robert Davidson"", ""_FacetSep_Dimitra Malamidou"", ""_FacetSep_Kosmas Pavlopoulos"")"	hal-04144667	ART	2023	https://hal.science/hal-04144667/document	10.1016/j.quascirev.2023.108130
Déborah Birre,Thierry Feuillet,Roman Lagalis,Johan Milian,Frédéric Alexandre,David Sheeren,Roberto Serrano-Notivoli,Matthieu Vignal,Maaike Y Bader	"c(""_FacetSep_Déborah Birre"", ""thierry-feuillet_FacetSep_Thierry Feuillet"", ""_FacetSep_Roman Lagalis"", ""_FacetSep_Johan Milian"", ""frederic-alexandre_FacetSep_Frédéric Alexandre"", ""david-sheeren_FacetSep_David Sheeren"", ""_FacetSep_Roberto Serrano-Notivoli"", ""_FacetSep_Matthieu Vignal"", ""_FacetSep_Maaike Y Bader"")"	hal-03942369	ART	2023	https://hal.inrae.fr/hal-03942369/document	10.1007/s10980-022-01589-4
Raphaëlle Krummeich,Sébastien Rey-Coyrehourcq,Hugues Pecout,Konrad Hinsen,Pierre Poulain,Nicolas Sauret,Laurent Mouchard	"c(""raphaelle-krummeich_FacetSep_Raphaëlle Krummeich"", ""sebastien-rey-coyrehourcq_FacetSep_Sébastien Rey-Coyrehourcq"", ""hpecout_FacetSep_Hugues Pecout"", ""konrad-hinsen_FacetSep_Konrad Hinsen"", ""pierre-poulain_FacetSep_Pierre Poulain"", ""nicolas-sauret_FacetSep_Nicolas Sauret"", ""laurent-mouchard_FacetSep_Laurent Mouchard"")"	halshs-04019870	UNDEFINED	2022	https://shs.hal.science/halshs-04019870/document	NA
Thierry Feuillet,Etienne Edouard Cossart,Hélène Charreire,Arnaud Banos,Hugo Pilkington,Virginie Chasles,Serge Hercberg,Mathilde Touvier,Jean-Michel Oppert	"c(""thierry-feuillet_FacetSep_Thierry Feuillet"", ""_FacetSep_Etienne Edouard Cossart"", ""helene-charreire_FacetSep_Hélène Charreire"", ""arnaud-banos_FacetSep_Arnaud Banos"", ""_FacetSep_Hugo Pilkington"", ""virginie-chasles_FacetSep_Virginie Chasles"", ""_FacetSep_Serge Hercberg"", ""_FacetSep_Mathilde Touvier"", ""_FacetSep_Jean-Michel Oppert"")"	hal-04378995	UNDEFINED	2024	https://hal.science/hal-04378995/document	NA
Dominique Todisco,Carolina Mallol,Christelle Lahaye,Guillaume Guérin,François Bachellerie,Eugène Morin,Brad Gravina,Amélie Challier,Cédric Beauval,Jean-Guillaume Bordes,Céline Colange,Laure Dayet,Damien Flas,François Lacrampe-Cuyaubère,Loïc Lebreton,Josserand Marot,Bruno Maureille,Alexandre Michel,Xavier Muth,Carole Nehme,Solange Rigaud,Elise Tartar,Nicolas Teyssandier,Marc Thomas,Hélène Rougier,Isabelle Crevecoeur	"c(""dominique-todisco_FacetSep_Dominique Todisco"", ""_FacetSep_Carolina Mallol"", ""_FacetSep_Christelle Lahaye"", ""guillaume-guerin_FacetSep_Guillaume Guérin"", ""_FacetSep_François Bachellerie"", ""_FacetSep_Eugène Morin"", ""_FacetSep_Brad Gravina"", ""_FacetSep_Amélie Challier"", ""_FacetSep_Cédric Beauval"", ""_FacetSep_Jean-Guillaume Bordes"", ""_FacetSep_Céline Colange"", ""_FacetSep_Laure Dayet"", ""_FacetSep_Damien Flas"", ""_FacetSep_François Lacrampe-Cuyaubère"", ""_FacetSep_Loïc Lebreton"", ""_FacetSep_Josserand Marot"", ""_FacetSep_Bruno Maureille"", ""_FacetSep_Alexandre Michel"", ""_FacetSep_Xavier Muth"", ""carole-nehme_FacetSep_Carole Nehme"", ""_FacetSep_Solange Rigaud"", ""elise-tartar_FacetSep_Elise Tartar"", ""nicolas-teyssandier_FacetSep_Nicolas Teyssandier"", ""_FacetSep_Marc Thomas"", ""_FacetSep_Hélène Rougier"", ""isabelle-crevecoeur_FacetSep_Isabelle Crevecoeur"")"	hal-04205541	ART	2023	https://hal.science/hal-04205541/document	10.1016/j.quascirev.2023.108218
Sylvain Soriano,Nelson Ahmed-Delacroix,Aurélia Borvon,Benoît Chevrier,Éva David,Mélina Dessoles,Jean-Marc Elalouf,Jean-Philippe Faivre,Philippe Forré,Guillaume Guérin,Christelle Lahaye,Loïc Lebreton,Vincent Lhomme,Marine Massoulié,Benoît Mellier,Jérôme Primault,Michel Rasse,Noémie Sévêque,Dominique Todisco,José Utge,Christine Verna,Bénédicte Voeltzel	"c(""sylvain-soriano_FacetSep_Sylvain Soriano"", ""eric-nelson-ahmed-delacroix_FacetSep_Nelson Ahmed-Delacroix"", ""_FacetSep_Aurélia Borvon"", ""_FacetSep_Benoît Chevrier"", ""_FacetSep_Éva David"", ""_FacetSep_Mélina Dessoles"", ""_FacetSep_Jean-Marc Elalouf"", ""_FacetSep_Jean-Philippe Faivre"", ""_FacetSep_Philippe Forré"", ""guillaume-guerin_FacetSep_Guillaume Guérin"", ""_FacetSep_Christelle Lahaye"", ""loic-lebreton_FacetSep_Loïc Lebreton"", ""_FacetSep_Vincent Lhomme"", ""_FacetSep_Marine Massoulié"", ""_FacetSep_Benoît Mellier"",  ""_FacetSep_Jérôme Primault"", ""_FacetSep_Michel Rasse"", ""_FacetSep_Noémie Sévêque"", ""_FacetSep_Dominique Todisco"", ""_FacetSep_José Utge"", ""_FacetSep_Christine Verna"", ""_FacetSep_Bénédicte Voeltzel"")"	hal-03390460	ART	2021	https://hal.science/hal-03390460/document	10.4000/galliap.2633
Hélène Charreire,Benoit Conti,Lucile Bauchard, Ndèye Aïta Cissé,Marlène Perignon, Pascaline Rollet, Coline Perrin, Sophie Blanchard,Céline Roda,Thierry Feuillet,Malika Madelin,Vincent Dupuis,Anne-Sophie Evrard, Anne-Peggy,Hellequin,Isabelle Coll,Corinne Larrue,Sophie Baudet-Michel,Gabrielle Vernouillet,Fernande Ntsame-Abegue,Isabelle Fabre,Caroline Méjean,Jean‐michel Oppert,Urbasanté Study Group	"c(""helene-charreire_FacetSep_Hélène Charreire"", ""benoit-conti_FacetSep_Benoit Conti"", ""_FacetSep_Lucile Bauchard"", ""_FacetSep_Ndèye Aïta Cissé"", ""marlene-perignon_FacetSep_Marlène Perignon"", ""pascaline-rollet_FacetSep_Pascaline Rollet"", ""coline-perrin_FacetSep_Coline Perrin"", ""sophieblanchard_FacetSep_Sophie Blanchard"", ""_FacetSep_Céline Roda"", ""thierry-feuillet_FacetSep_Thierry Feuillet"", ""malika-madelin_FacetSep_Malika Madelin"", ""_FacetSep_Vincent Dupuis"", ""anne-sophie-evrard_FacetSep_Anne-Sophie Evrard"", ""anne-peggy-hellequin_FacetSep_Anne-Peggy Hellequin"", ""_FacetSep_Isabelle Coll"", ""_FacetSep_Corinne Larrue"", ""sophie-baudet-michel_FacetSep_Sophie Baudet-Michel"", ""_FacetSep_Gabrielle Vernouillet"", ""_FacetSep_Fernande Ntsame-Abegue"", ""_FacetSep_Isabelle Fabre"", ""caroline-mejean_FacetSep_Caroline Méjean"", ""_FacetSep_Jean‐michel Oppert"", ""_FacetSep_Urbasanté Study Group"")"	hal-04032915	ART	2023	https://hal.inrae.fr/hal-04032915/document	10.1186/s12889-023-15388-2
